Product Name,Prices,Description,Reviews
"IQOO Z9s 5G (Titanium Matte, 128 GB)","₹18,914",8 GB RAM | 128 GB ROM17.2 cm (6.77 inch) Display50MP Rear Camera5500 mAh Battery1 year manufacturer warranty for device & 6 months for In-box accessories from the date of purchase,4.4
"CMF by Nothing Phone 1 (Black, 128 GB)","₹15,999",6 GB RAM | 128 GB ROM | Expandable Upto 2 TB16.94 cm (6.67 inch) Full HD+ Display50MP + 2MP | 16MP Front Camera5000 mAh BatteryDimensity 7300 5G Processor1 Year Manufacturing Warranty,4.4
"Nothing Phone (3a) (Black, 128 GB)","₹24,999",8 GB RAM | 128 GB ROM17.2 cm (6.77 inch) Full HD+ Display50MP (Main) + 50MP (2X Tele Photo) + 8MP (Ultra-Wide) | 32MP Front Camera5000 mAh Battery7s Gen3 Processor1 Year Manufacturing Warranty,4.5
"vivo T3 5G (Crystal Flake, 128 GB)","₹16,999",8 GB RAM | 128 GB ROM16.94 cm (6.67 inch) Full HD+ Display50MP + 2MP | 16MP Front Camera5000 mAh BatteryDimensity 7200 Processor1 Year Manufacturer Warranty for Device and 6 Months Manufacturer Warranty for Inbox Accessories,4.4
"Motorola g64 5G (Pearl Blue, 256 GB)","₹15,999",12 GB RAM | 256 GB ROM | Expandable Upto 1 TB16.51 cm (6.5 inch) Full HD+ Display50MP (OIS) + 8MP | 16MP Front Camera6000 mAh BatteryDimensity 7025 Processor1 Year on Handset and 6 Months on Accessories,4.2
"POCO X7 5G (Cosmic Silver, 128 GB)","₹16,999",8 GB RAM | 128 GB ROM16.94 cm (6.67 inch) Display50MP + 8MP + 2MP | 20MP Front Camera5500 mAh BatteryDimensity 7300 Ultra Processor1 Year Manufacturer Warranty for Phone and 6 Months Warranty for In the Box Accessories,4.3
"CMF by Nothing Phone 1 (Orange, 128 GB)","₹15,999",6 GB RAM | 128 GB ROM | Expandable Upto 1 TB16.94 cm (6.67 inch) Full HD+ Display50MP + 2MP | 16MP Front Camera5000 mAh BatteryDimensity 7300 5G Processor1 Year Manufacturing Warranty,4.4
"POCO X7 5G (Glacier Green, 128 GB)","₹16,999",8 GB RAM | 128 GB ROM16.94 cm (6.67 inch) Display50MP + 8MP + 2MP | 20MP Front Camera5500 mAh BatteryDimensity 7300 Ultra Processor1 Year Manufacturer Warranty for Phone and 6 Months Warranty for In the Box Accessories,4.3
"realme P2 Pro 5G (Eagle Grey, 128 GB)","₹16,749",8 GB RAM | 128 GB ROM17.02 cm (6.7 inch) Full HD+ Display50MP + 8MP | 32MP Front Camera5200 mAh Battery7s Gen2 Processor1 Year Manufacturer Warranty for Device and 6 Months Manufacturer Warranty for Inbox Accessories,4.4
"realme P3 5G (Space Silver, 128 GB)","₹15,999",6 GB RAM | 128 GB ROM | Expandable Upto 2 TB16.94 cm (6.67 inch) Full HD+ Display50MP + 2MP | 16MP Front Camera6000 mAh Battery6 Gen 4 Processor1 Year Manufacturer Warranty for Device and 6 Months Manufacturer Warranty for Inbox Accessories,4.4
"Motorola g64 5G (Mint Green, 128 GB)","₹13,999",8 GB RAM | 128 GB ROM | Expandable Upto 1 TB16.51 cm (6.5 inch) Full HD+ Display50MP (OIS) + 8MP | 16MP Front Camera6000 mAh BatteryDimensity 7025 Processor1 Year on Handset and 6 Months on Accessories,4.3
"realme P3 5G (Space Silver, 128 GB)","₹16,999",8 GB RAM | 128 GB ROM | Expandable Upto 2 TB16.94 cm (6.67 inch) Full HD+ Display50MP + 2MP | 16MP Front Camera6000 mAh Battery6 Gen 4 Processor1 Year Manufacturer Warranty for Device and 6 Months Manufacturer Warranty for Inbox Accessories,4.4
"Infinix Note 40 Pro 5G (Vintage Green, 256 GB)","₹18,999",8 GB RAM | 256 GB ROM17.22 cm (6.78 inch) Full HD+ Display108MP (OIS) + 2MP + 2MP | 32MP Front Camera5000 mAh BatteryMediatek Dimensity 7020 Processor1 Year Warranty on Handset and 6 Months Warranty on Inbox Accessories,4.2
"realme P3 5G (Comet Grey, 128 GB)","₹15,999",6 GB RAM | 128 GB ROM | Expandable Upto 2 TB16.94 cm (6.67 inch) Full HD+ Display50MP + 2MP | 16MP Front Camera6000 mAh Battery6 Gen 4 Processor1 Year Manufacturer Warranty for Device and 6 Months Manufacturer Warranty for Inbox Accessories,4.4
"POCO X7 5G (Yellow, 256 GB)","₹18,999",8 GB RAM | 256 GB ROM16.94 cm (6.67 inch) Display50MP + 8MP + 2MP | 20MP Front Camera5500 mAh BatteryDimensity 7300 Ultra Processor1 Year Manufacturer Warranty for Phone and 6 Months Warranty for In the Box Accessories,4.3
"REDMI Note 13 5G (Prism Gold, 256 GB)","₹18,198",8 GB RAM | 256 GB ROM16.94 cm (6.67 inch) Full HD+ Display108MP Rear Camera5000 mAh Battery1 Year Brand Warranty,4.2
"vivo T3 5G (Cosmic Blue, 128 GB)","₹16,999",8 GB RAM | 128 GB ROM16.94 cm (6.67 inch) Full HD+ Display50MP + 2MP | 16MP Front Camera5000 mAh BatteryDimensity 7200 Processor1 Year Manufacturer Warranty for Device and 6 Months Manufacturer Warranty for Inbox Accessories,4.4
"vivo T3 5G (Cosmic Blue, 256 GB)","₹18,999",8 GB RAM | 256 GB ROM16.94 cm (6.67 inch) Full HD+ Display50MP + 2MP | 16MP Front Camera5000 mAh BatteryDimensity 7200 Processor1 Year Manufacturer Warranty for Device and 6 Months Manufacturer Warranty for Inbox Accessories,4.4
"Infinix Note 40 5G (Obsidian Black, 256 GB)","₹15,999",8 GB RAM | 256 GB ROM17.22 cm (6.78 inch) Full HD+ Display108MP + 2MP + 2MP | 32MP Front Camera5000 mAh BatteryDimensity 7020 Processor1 Year on Handset,4.2
"realme 14x 5G (Jewel Red, 128 GB)","₹15,999",8 GB RAM | 128 GB ROM | Expandable Upto 2 TB16.94 cm (6.67 inch) HD+ Display50MP Rear Camera | 8MP Front Camera6000 mAh BatteryDimensity 6300 Processor1 Year Manufacturer Warranty for Device and 6 Months Manufacturer Warranty for Inbox Accessories,4.4
"POCO X6 Neo 5G (Martian Orange, 256 GB)","₹17,999",12 GB RAM | 256 GB ROM | Expandable Upto 1 TB16.94 cm (6.67 inch) Full HD+ Display108MP + 2MP | 16MP Front Camera5000 mAh BatteryDimensity 6080 Processor1 Year Manufacturer Warranty for Phone and 6 Months Warranty for In the Box Accessories,4.2
"realme P3 Pro 5G (Nebula Glow, 128 GB)","₹19,999",8 GB RAM | 128 GB ROM17.35 cm (6.83 inch) Display50MP + 2MP | 16MP Front Camera6000 mAh Battery7s Gen 3 Mobile Platform Processor1 Year Manufacturer Warranty for Device and 6 Months Manufacturer Warranty for Inbox Accessories,4.4
"realme 70 TURBO 5G (Turbo Green, 128 GB)","₹14,790",6 GB RAM | 128 GB ROM16.94 cm (6.67 inch) Full HD+ Display50MP Rear Camera5000 mAh BatterySegment's Fastest Dimensity 7300 Energy 5G Chipset Processor12 Months Brand warranty,4.3
"CMF by Nothing Phone 1 (Light Green, 128 GB)","₹17,999",8 GB RAM | 128 GB ROM | Expandable Upto 2 TB16.94 cm (6.67 inch) Full HD+ Display50MP + 2MP | 16MP Front Camera5000 mAh BatteryDimensity 7300 5G Processor1 Year Manufacturing Warranty,4.4
"realme 13 5G (Speed Green, 128 GB)","₹17,999",8 GB RAM | 128 GB ROM | Expandable Upto 2 TB17.07 cm (6.72 inch) Full HD+ Display50MP + 2MP | 16MP Front Camera5000 mAh BatteryDimensity 6300 Processor1 Year Manufacturer Warranty for Device and 6 Months Manufacturer Warranty for Inbox Accessories,4.3
"realme 70 TURBO 5G (Turbo Green, 256 GB)","₹19,450",12 GB RAM | 256 GB ROM16.94 cm (6.67 inch) Full HD+ Display50MP Rear Camera5000 mAh BatterySegment's Fastest Dimensity 7300 Energy 5G Chipset Processor12 Months Brand warranty,4.4
"Nothing Phone (3a) (Black, 128 GB)","₹24,999",8 GB RAM | 128 GB ROM17.2 cm (6.77 inch) Full HD+ Display50MP (Main) + 50MP (2X Tele Photo) + 8MP (Ultra-Wide) | 32MP Front Camera5000 mAh Battery7s Gen3 Processor1 Year Manufacturing Warranty,4.5
"realme P3 5G (Nebula Pink, 128 GB)","₹16,999",8 GB RAM | 128 GB ROM | Expandable Upto 2 TB16.94 cm (6.67 inch) Full HD+ Display50MP + 2MP | 16MP Front Camera6000 mAh Battery6 Gen 4 Processor1 Year Manufacturer Warranty for Device and 6 Months Manufacturer Warranty for Inbox Accessories,4.4
"realme 12x 5G (Woodland Green, 128 GB)","₹13,499",8 GB RAM | 128 GB ROM | Expandable Upto 2 TB17.07 cm (6.72 inch) Full HD+ Display50MP + 2MP | 8MP Front Camera5000 mAh BatteryDimensity 6100+ Processor1 Year Manufacturer Warranty for Device and 6 Months Manufacturer Warranty for Inbox Accessories,4.4
"Motorola g64 5G (Pearl Blue, 128 GB)","₹13,999",8 GB RAM | 128 GB ROM | Expandable Upto 1 TB16.51 cm (6.5 inch) Full HD+ Display50MP (OIS) + 8MP | 16MP Front Camera6000 mAh BatteryDimensity 7025 Processor1 Year on Handset and 6 Months on Accessories,4.3
"Motorola g64 5G (Ice Lilac, 128 GB)","₹13,999",8 GB RAM | 128 GB ROM | Expandable Upto 1 TB16.51 cm (6.5 inch) Full HD+ Display50MP (OIS) + 8MP | 16MP Front Camera6000 mAh BatteryDimensity 7025 Processor1 Year on Handset and 6 Months on Accessories,4.3
"realme 70 TURBO 5G (Turbo Yellow, 128 GB)","₹14,862",6 GB RAM | 128 GB ROM16.94 cm (6.67 inch) Full HD+ Display50MP Rear Camera5000 mAh BatterySegment's Fastest Dimensity 7300 Energy 5G Chipset Processor12 Months Brand warranty,4.3
"CMF by Nothing Phone 1 (Orange, 128 GB)","₹17,999",8 GB RAM | 128 GB ROM | Expandable Upto 2 TB16.94 cm (6.67 inch) Full HD+ Display50MP + 2MP | 16MP Front Camera5000 mAh BatteryDimensity 7300 5G Processor1 Year Manufacturing Warranty,4.4
"realme 14x 5G (Crystal Black, 128 GB)","₹15,999",8 GB RAM | 128 GB ROM | Expandable Upto 2 TB16.94 cm (6.67 inch) HD+ Display50MP Rear Camera | 8MP Front Camera6000 mAh BatteryDimensity 6300 Processor1 Year Manufacturer Warranty for Device and 6 Months Manufacturer Warranty for Inbox Accessories,4.4
"REDMI 13 5G (Orchid Pink, 128 GB)","₹13,924",8 GB RAM | 128 GB ROM17.25 cm (6.79 inch) Full HD+ Display108MP Rear Camera5030 mAh BatteryQualcomm SM4450 Snapdragon 4 Gen 2 AE (4 nm) Processor1 year manufacture warranty,4.3
"REDMI Note 14 5G (Mystique White, 128 GB)","₹18,900",8 GB RAM | 128 GB ROM16.94 cm (6.67 inch) Display50MP Rear Camera5110 mAh Battery1 Year,4.2
"CMF by Nothing Phone 1 (Blue, 128 GB)","₹15,999",6 GB RAM | 128 GB ROM | Expandable Upto 2 TB16.94 cm (6.67 inch) Full HD+ Display50MP + 2MP | 16MP Front Camera5000 mAh BatteryDimensity 7300 5G Processor1 Year Manufacturing Warranty,4.4
"realme P3 5G (Comet Grey, 128 GB)","₹16,999",8 GB RAM | 128 GB ROM | Expandable Upto 2 TB16.94 cm (6.67 inch) Full HD+ Display50MP + 2MP | 16MP Front Camera6000 mAh Battery6 Gen 4 Processor1 Year Manufacturer Warranty for Device and 6 Months Manufacturer Warranty for Inbox Accessories,4.4
"realme 13 5G (Speed Green, 256 GB)","₹19,999",8 GB RAM | 256 GB ROM | Expandable Upto 2 TB17.07 cm (6.72 inch) Full HD+ Display50MP + 2MP | 16MP Front Camera5000 mAh BatteryDimensity 6300 Processor1 Year Manufacturer Warranty for Device and 6 Months Manufacturer Warranty for Inbox Accessories,4.3
"IQOO Z10X 5G (Ultramarine, 128 GB)","₹16,490",8 GB RAM | 128 GB ROM17.02 cm (6.7 inch) Display50MP Rear Camera6500 mAh Battery1 Year on Handset and 6 Months on Accessories,4.5
"realme P1 Speed 5G (Brushed Blue, 256 GB)","₹16,999",12 GB RAM | 256 GB ROM | Expandable Upto 2 TB16.94 cm (6.67 inch) Full HD+ Display50MP + 2MP | 16MP Front Camera5000 mAh BatteryDimensity 7300 Energy Processor1 Year Manufacturer Warranty for Device and 6 Months Manufacturer Warranty for Inbox Accessories,4.4
"realme 14x 5G (Golden Glow, 128 GB)","₹15,999",8 GB RAM | 128 GB ROM | Expandable Upto 2 TB16.94 cm (6.67 inch) HD+ Display50MP Rear Camera | 8MP Front Camera6000 mAh BatteryDimensity 6300 Processor1 Year Manufacturer Warranty for Device and 6 Months Manufacturer Warranty for Inbox Accessories,4.4
"POCO X6 Neo 5G (Horizon Blue, 256 GB)","₹17,999",12 GB RAM | 256 GB ROM | Expandable Upto 1 TB16.94 cm (6.67 inch) Full HD+ Display108MP + 2MP | 16MP Front Camera5000 mAh BatteryDimensity 6080 Processor1 Year Manufacturer Warranty for Phone and 6 Months Warranty for In the Box Accessories,4.2
"REDMI 13 5G (Black Diamond, 128 GB)","₹13,990",8 GB RAM | 128 GB ROM17.25 cm (6.79 inch) Display108MP Rear Camera5030 mAh BatteryBrand Warranty,4.3
"REDMI Note 13 5G (Chromatic Purple, 256 GB)","₹15,572",8 GB RAM | 256 GB ROM | Expandable Upto 1 TB16.94 cm (6.67 inch) Full HD+ Display108MP + 2MP | 16MP Front Camera5000 mAh BatteryDimensity 6080 Processor1 Year Manufacturer Warranty for Phone and 6 Months Warranty for In the Box Accessories,4.2
"vivo T3x 5G (Crimson Bliss, 128 GB)","₹13,999",6 GB RAM | 128 GB ROM | Expandable Upto 1 TB17.06 cm (6.7165354 inch) Full HD+ Display50MP + 2MP | 8MP Front Camera6000 mAh Battery6 Gen 1 Processor1 Year Manufacturer Warranty for Device and 6 Months Manufacturer Warranty for Inbox Accessories,4.5
"REDMI Note 14 5G (Titan Black, 128 GB)","₹17,100",6 GB RAM | 128 GB ROM16.94 cm (6.67 inch) Display50MP Rear Camera5110 mAh Battery1 Year,4.3
"Infinix Note 40 5G (Racing Grey, 256 GB)","₹15,999",8 GB RAM | 256 GB ROM17.22 cm (6.78 inch) Full HD+ Display108MP + 2MP + 2MP | 32MP Front Camera5000 mAh BatteryDimensity 7020 Processor1 Year on Handset,4.2
"REDMI Note 13 5G (Arctic White, 256 GB)","₹17,499",8 GB RAM | 256 GB ROM16.94 cm (6.67 inch) Display108MP Rear Camera5000 mAh Battery1 Year Brand Warranty,4.2
"CMF by Nothing Phone 1 (Black, 128 GB)","₹17,999",8 GB RAM | 128 GB ROM | Expandable Upto 2 TB16.94 cm (6.67 inch) Full HD+ Display50MP + 2MP | 16MP Front Camera5000 mAh BatteryDimensity 7300 5G Processor1 Year Manufacturing Warranty,4.4
"REDMI 13 5G (Hawaiian Blue, 128 GB)","₹13,892",8 GB RAM | 128 GB ROM17.25 cm (6.79 inch) Display108MP Rear Camera5030 mAh BatteryBrand Warranty,4.3
"realme 70 TURBO 5G (Turbo Purple, 128 GB)","₹14,990",6 GB RAM | 128 GB ROM16.94 cm (6.67 inch) Full HD+ Display50MP Rear Camera5000 mAh BatterySegment's Fastest Dimensity 7300 Energy 5G Chipset Processor12 Months Brand warranty,4.3
"Nothing Phone (3a) (Black, 128 GB)","₹24,999",8 GB RAM | 128 GB ROM17.2 cm (6.77 inch) Full HD+ Display50MP (Main) + 50MP (2X Tele Photo) + 8MP (Ultra-Wide) | 32MP Front Camera5000 mAh Battery7s Gen3 Processor1 Year Manufacturing Warranty,4.5
"POCO X4 Pro 5G (Laser Blue, 128 GB)","₹19,999","6 GB RAM | 128 GB ROM | Expandable Upto 1 TB16.94 cm (6.67 inch) Full HD+ Super AMOLED Display64MP + 8MP + 2MP | 16MP Front Camera5000 mAh Lithium-ion Polymer BatteryQualcomm Snapdragon 695 5G ProcessorOne Year for Handset, 6 Months for Accessories",4.2
"realme P1 Speed 5G (Textured Titanium, 128 GB)","₹17,999",8 GB RAM | 128 GB ROM | Expandable Upto 2 TB16.94 cm (6.67 inch) Full HD+ Display50MP + 2MP | 16MP Front Camera5000 mAh BatteryDimensity 7300 Energy Processor1 Year Manufacturer Warranty for Device and 6 Months Manufacturer Warranty for Inbox Accessories,4.3
"realme P3 Pro 5G (Saturn Brown, 128 GB)","₹19,999",8 GB RAM | 128 GB ROM17.35 cm (6.83 inch) Display50MP + 2MP | 16MP Front Camera6000 mAh Battery7s Gen 3 Mobile Platform Processor1 Year Manufacturer Warranty for Device and 6 Months Manufacturer Warranty for Inbox Accessories,4.4
"CMF by Nothing Phone 1 (Blue, 128 GB)","₹17,999",8 GB RAM | 128 GB ROM | Expandable Upto 2 TB16.94 cm (6.67 inch) Full HD+ Display50MP + 2MP | 16MP Front Camera5000 mAh BatteryDimensity 7300 5G Processor1 Year Manufacturing Warranty,4.4
"REDMI Note 14 5G (Ivy Green, 128 GB)","₹17,899",8 GB RAM | 128 GB ROM16.94 cm (6.67 inch) Display50MP Rear Camera5110 mAh Battery1 Year,4.2
"POCO X6 Neo 5G (Astral Black, 256 GB)","₹17,999",12 GB RAM | 256 GB ROM | Expandable Upto 1 TB16.94 cm (6.67 inch) Full HD+ Display108MP + 2MP | 16MP Front Camera5000 mAh BatteryDimensity 6080 Processor1 Year Manufacturer Warranty for Phone and 6 Months Warranty for In the Box Accessories,4.2
"SAMSUNG Galaxy A16 5G (Light Green, 128 GB)","₹16,999",8 GB RAM | 128 GB ROM17.02 cm (6.7 inch) Full HD+ Display50MP + 5MP + 2MP | 13MP Front Camera5000 mAh BatteryDimensity 6300 Processor1 Year Manufacturer Warranty for Device and 6 Months for Inbox Accessories,4.2
"SAMSUNG Galaxy A16 5G (Light Green, 128 GB)","₹15,599",8 GB RAM | 128 GB ROM17.02 cm (6.7 inch) Full HD+ Display50MP + 5MP + 2MP | 13MP Front Camera5000 mAh BatteryDimensity 6300 Processor1 Year Manufacturer Warranty for Device and 6 Months for Inbox Accessories,4.2
"OnePlus Nord CE 3 Lite 5G (Chromatic Gray, 256 GB)","₹21,889",8 GB RAM | 256 GB ROM17.07 cm (6.72 inch) Display108MP Rear Camera5000 mAh BatteryDomestic Warranty of 12 months on phone & 6 months on accessories,4.4
"SAMSUNG Galaxy A16 5G (Blue Black, 128 GB)","₹16,999",8 GB RAM | 128 GB ROM17.02 cm (6.7 inch) Full HD+ Display50MP + 5MP + 2MP | 13MP Front Camera5000 mAh BatteryDimensity 6300 Processor1 Year Manufacturer Warranty for Device and 6 Months for Inbox Accessories,4.2
"realme 70 TURBO 5G (Turbo Green, 128 GB)","₹16,402",8 GB RAM | 128 GB ROM16.94 cm (6.67 inch) Full HD+ Display50MP Rear Camera5000 mAh BatterySegment's Fastest Dimensity 7300 Energy 5G Chipset Processor12 Months Brand warranty,4.4
"REDMI Note 14 5G (Titan Black, 128 GB)","₹18,690",8 GB RAM | 128 GB ROM16.94 cm (6.67 inch) Display50MP Rear Camera5110 mAh Battery1 Year,4.2
"realme P1 5G (Feather Blue, 256 GB)","₹15,999",8 GB RAM | 256 GB ROM | Expandable Upto 2 TB16.94 cm (6.67 inch) Full HD+ Display50MP + 2MP | 16MP Front Camera5000 mAh BatteryDimensity 7050 Processor1 Year Manufacturer Warranty for Device and 6 Months Manufacturer Warranty for Inbox Accessories,4.4
"POCO X6 Neo 5G (Martian Orange, 128 GB)","₹15,999",8 GB RAM | 128 GB ROM | Expandable Upto 1 TB16.94 cm (6.67 inch) Full HD+ Display108MP + 2MP | 16MP Front Camera5000 mAh BatteryDimensity 6080 Processor1 Year Manufacturer Warranty for Phone and 6 Months Warranty for In the Box Accessories,4.2
"realme Narzo 70 Pro 5G (Green, Glass Green, 128 GB)","₹19,195",8 GB RAM | 128 GB ROM16.94 cm (6.67 inch) Display50MP Rear Camera5000 mAh Battery1 Year Domestic Warranty for Phone and 6 Months Warranty for In-Box Accessories,4.4
"realme 70 TURBO 5G (Yellow, 128 GB)","₹16,160",8 GB RAM | 128 GB ROM16.94 cm (6.67 inch) Full HD+ Display50MP Rear Camera5000 mAh BatterySegment's Fastest Dimensity 7300 Energy 5G Chipset Processor12 Months Brand warranty,4.4
"SAMSUNG Galaxy M16 5G (Blush Pink, 128 GB)","₹15,495",8 GB RAM | 128 GB ROM17.02 cm (6.7 inch) Display50MP Rear Camera5000 mAh Battery1 Year Manufacturer Warranty for Phone and 6 Months Warranty for In the Box Accessories,4.4
"IQOO Z9X (Storm Grey, 128 GB)","₹19,999",8 GB RAM | 128 GB ROM17.07 cm (6.72 inch) Display50MP Rear Camera6000 mAh Battery1 Year Warranty on Handset and 6 Months Warranty on Inbox Accessories,4.3
"SAMSUNG Galaxy A16 5G (Blue Black, 128 GB)","₹15,799",8 GB RAM | 128 GB ROM17.02 cm (6.7 inch) Full HD+ Display50MP + 5MP + 2MP | 13MP Front Camera5000 mAh BatteryDimensity 6300 Processor1 Year Manufacturer Warranty for Device and 6 Months for Inbox Accessories,4.2
"Nothing Phone (3a) (White, 128 GB)","₹24,999",8 GB RAM | 128 GB ROM17.2 cm (6.77 inch) Full HD+ Display50MP (Main) + 50MP (2X Tele Photo) + 8MP (Ultra-Wide) | 32MP Front Camera5000 mAh Battery7s Gen3 Processor1 Year Manufacturing Warranty,4.5
Ambrane 20000 mAh 22.5 W Power Bank,"₹1,499",Weight: 320 g | Capacity: 20000 mAhLithium Polymer Battery | Type-C ConnectorPower Source: AC AdapterCharging Cable Included6 Month Manufaturer warranty,4.1
"OPPO A3 Pro 5G (Moonlight Purple, 128 GB)","₹16,999",8 GB RAM | 128 GB ROM | Expandable Upto 1 TB16.94 cm (6.67 inch) Full HD Display50MP + 50MP + 2MP | 13MP Dual Front Camera5100 mAh BatteryDimensity 6300 5G Mobile Platform Processor1 Year Manufacturer Warranty for Device and 6 Months Manufacturer Warranty for Inbox Accessories,4.3
"OPPO A3 Pro 5G (Starry Black, 128 GB)","₹16,999",8 GB RAM | 128 GB ROM | Expandable Upto 1 TB16.94 cm (6.67 inch) Display50MP + 2MP | 8MP Front Camera5100 mAh BatteryDimensity 6300 5G Mobile Platform Processor1 Year Manufacturer Warranty for Device and 6 Months Manufacturer Warranty for Inbox Accessories,4.3
Ambrane 20000 mAh 22.5 W Power Bank,"₹3,799",Weight: 320 g | Capacity: 20000 mAhLithium Polymer Battery | Type-C ConnectorPower Source: AC AdapterCharging Cable Included6 Month Manufaturer warranty,4.1
"REDMI Note 13 5G (Stealth Black, 256 GB)","₹16,999",12 GB RAM | 256 GB ROM | Expandable Upto 1 TB16.94 cm (6.67 inch) Full HD+ Display108MP + 2MP | 16MP Front Camera5000 mAh BatteryDimensity 6080 Processor1 Year Manufacturer Warranty for Phone and 6 Months Warranty for In the Box Accessories,4.2
"realme P3 Pro 5G (Galaxy Purple, 128 GB)","₹19,999",8 GB RAM | 128 GB ROM17.35 cm (6.83 inch) Display50MP + 2MP | 16MP Front Camera6000 mAh Battery7s Gen 3 Mobile Platform Processor1 Year Manufacturer Warranty for Device and 6 Months Manufacturer Warranty for Inbox Accessories,4.4
"Infinix Note 40 5G (Ttan Gold, 256 GB)","₹15,999",8 GB RAM | 256 GB ROM17.22 cm (6.78 inch) Full HD+ Display108MP + 2MP + 2MP | 32MP Front Camera5000 mAh BatteryDimensity 7020 Processor1 Year on Handset,4.2
"vivo T3x 5G (Sapphire Blue, 128 GB)","₹15,499",8 GB RAM | 128 GB ROM | Expandable Upto 1 TB17.07 cm (6.72 inch) Full HD+ Display50MP + 2MP | 8MP Front Camera6000 mAh Battery6 Gen 1 Processor1 Year Manufacturer Warranty for Device and 6 Months Manufacturer Warranty for Inbox Accessories,4.4
"REDMI Note 13 5G (Prism Gold, 256 GB)","₹16,499",8 GB RAM | 256 GB ROM | Expandable Upto 1 TB16.94 cm (6.67 inch) Full HD+ Display108MP + 2MP | 16MP Front Camera5000 mAh BatteryDimensity 6080 Processor1 Year Manufacturer Warranty for Phone and 6 Months Warranty for In the Box Accessories,4.2
"realme C63 5G Charger in the Box (Starry Gold, 128 GB)","₹12,999",8 GB RAM | 128 GB ROM | Expandable Upto 2 TB16.94 cm (6.67 inch) HD+ Display32MP Rear Camera | 8MP Front Camera5000 mAh BatteryDimensity 6300 Processor1 Year Manufacturer Warranty for Device and 6 Months Manufacturer Warranty for Inbox Accessories,4.5
"OPPO A3 Pro 5G (Starry Black, 256 GB)","₹18,999",8 GB RAM | 256 GB ROM | Expandable Upto 1 TB16.94 cm (6.67 inch) Display50MP + 2MP | 8MP Front Camera5100 mAh BatteryDimensity 6300 5G Mobile Platform Processor1 Year Manufacturer Warranty for Device and 6 Months Manufacturer Warranty for Inbox Accessories,4.3
"realme P1 Pro 5G (Parrot Blue, 128 GB)","₹15,999",8 GB RAM | 128 GB ROM17.02 cm (6.7 inch) Full HD+ Display50MP + 8MP | 16MP Front Camera5000 mAh Battery6 Gen 1 Processor1 Year Manufacturer Warranty for Device and 6 Months Manufacturer Warranty for Inbox Accessories,4.5
"SAMSUNG Galaxy F34 5G (Electric Black, 128 GB)","₹19,999",6 GB RAM | 128 GB ROM | Expandable Upto 1 TB16.51 cm (6.5 inch) Full HD+ Display50MP (OIS) + 8MP + 2MP | 13MP Front Camera6000 mAh BatteryExynos 1280 Processor1 Year Manufacturer Warranty for Device and 6 Months Manufacturer Warranty for In-Box Accessories,4.2
"OnePlus Nord CE 2 Lite 5G (Blue Tide, 128 GB)","₹19,999",6 GB RAM | 128 GB ROM16.74 cm (6.59 inch) Display64MP Rear Camera | 16MP Front Camera5000 mAh Battery12 Months,4.4
"realme 12+ 5G (Pioneer Green, 128 GB)","₹20,999",8 GB RAM | 128 GB ROM | Expandable Upto 2 TB16.94 cm (6.67 inch) Full HD+ Display50MP + 8MP + 2MP | 16MP Front Camera5000 mAh BatteryDimensity 7050 Processor1 Year Manufacturer Warranty for Device and 6 Months Manufacturer Warranty for Inbox Accessories,4.3
"SAMSUNG Galaxy M16 5G (Mint Green, 128 GB)","₹14,999",8 GB RAM | 128 GB ROM17.02 cm (6.7 inch) Display50MP Rear Camera5000 mAh Battery1 Year Manufacturer Warranty for Phone and 6 Months Warranty for In the Box Accessories,4.4
"SAMSUNG Galaxy F34 5G (Electric Black, 128 GB)","₹18,999",8 GB RAM | 128 GB ROM | Expandable Upto 1 TB16.51 cm (6.5 inch) Full HD+ Display50MP (OIS) + 8MP + 2MP | 13MP Front Camera6000 mAh BatteryExynos 1280 Processor1 Year Manufacturer Warranty for Device and 6 Months Manufacturer Warranty for In-Box Accessories,4.2
"OPPO A3 Pro 5G (Moonlight Purple, 128 GB)","₹16,999",8 GB RAM | 128 GB ROM | Expandable Upto 1 TB16.94 cm (6.67 inch) Display50MP + 2MP | 8MP Front Camera5100 mAh BatteryDimensity 6300 5G Mobile Platform Processor1 Year Manufacturer Warranty for Device and 6 Months Manufacturer Warranty for Inbox Accessories,4.3
"realme Narzo 70 Pro 5G (Gold, Glass Gold, 128 GB)","₹18,990",8 GB RAM | 128 GB ROM16.94 cm (6.67 inch) Display50MP Rear Camera | 16MP Front Camera5000 mAh Battery1 Year Domestic Warranty for Phone and 6 Months Warranty for In-Box Accessories,4.4
"realme P1 Pro 5G (Parrot Blue, 256 GB)","₹16,999",8 GB RAM | 256 GB ROM17.02 cm (6.7 inch) Full HD+ Display50MP + 8MP | 16MP Front Camera5000 mAh Battery6 Gen 1 Processor1 Year Manufacturer Warranty for Device and 6 Months Manufacturer Warranty for Inbox Accessories,4.5
"SAMSUNG Galaxy A15 5G (Blue, 128 GB)","₹15,999",8 GB RAM | 128 GB ROM | Expandable Upto 1 TB16.51 cm (6.5 inch) Full HD+ Display50MP + 5MP + 2MP | 13MP Front Camera5000 mAh BatteryDimensity 6100+ Processor1 Year Manufacturer Warranty for Device and 6 Months for In-Box Accessories,4.3
"SAMSUNG Galaxy M16 5G (Thunder Black, 128 GB)","₹14,999",8 GB RAM | 128 GB ROM17.02 cm (6.7 inch) Display50MP Rear Camera5000 mAh Battery1 Year Manufacturer Warranty for Phone and 6 Months Warranty for In the Box Accessories,4.4
"IQOO Z9 5G (Graphene Blue, 256 GB)","₹20,691",8 GB RAM | 256 GB ROM16.94 cm (6.67 inch) Display50MP Rear Camera5000 mAh Battery1 Year on Handset and 6 Months on Accessories,4.4
"Nothing Phone (3a) (White, 128 GB)","₹24,999",8 GB RAM | 128 GB ROM17.2 cm (6.77 inch) Full HD+ Display50MP (Main) + 50MP (2X Tele Photo) + 8MP (Ultra-Wide) | 32MP Front Camera5000 mAh Battery7s Gen3 Processor1 Year Manufacturing Warranty,4.5
Ambrane 20000 mAh 22.5 W Power Bank,"₹1,499",Weight: 320 g | Capacity: 20000 mAhLithium Polymer Battery | Type-C ConnectorPower Source: AC AdapterCharging Cable Included6 Month Manufaturer warranty,4.1
"SAMSUNG Galaxy M16 5G (Mint Green, 128 GB)","₹14,999",8 GB RAM | 128 GB ROM17.02 cm (6.7 inch) Display50MP Rear Camera5000 mAh Battery1 Year Manufacturer Warranty for Phone and 6 Months Warranty for In the Box Accessories,4.4
"realme P1 Pro 5G (Parrot Blue, 256 GB)","₹16,999",8 GB RAM | 256 GB ROM17.02 cm (6.7 inch) Full HD+ Display50MP + 8MP | 16MP Front Camera5000 mAh Battery6 Gen 1 Processor1 Year Manufacturer Warranty for Device and 6 Months Manufacturer Warranty for Inbox Accessories,4.5
"realme Narzo 70 Pro 5G (Gold, Glass Gold, 128 GB)","₹18,990",8 GB RAM | 128 GB ROM16.94 cm (6.67 inch) Display50MP Rear Camera | 16MP Front Camera5000 mAh Battery1 Year Domestic Warranty for Phone and 6 Months Warranty for In-Box Accessories,4.4
"SAMSUNG Galaxy M16 5G (Thunder Black, 128 GB)","₹14,999",8 GB RAM | 128 GB ROM17.02 cm (6.7 inch) Display50MP Rear Camera5000 mAh Battery1 Year Manufacturer Warranty for Phone and 6 Months Warranty for In the Box Accessories,4.4
Ambrane 20000 mAh 22.5 W Power Bank,"₹3,799",Weight: 320 g | Capacity: 20000 mAhLithium Polymer Battery | Type-C ConnectorPower Source: AC AdapterCharging Cable Included6 Month Manufaturer warranty,4.1
"Motorola g84 5G (Viva Magenta, 256 GB)","₹18,999",12 GB RAM | 256 GB ROM16.64 cm (6.55 inch) Full HD+ Display50MP (OIS) + 8MP | 16MP Front Camera5000 mAh BatterySnapdragon 695 Processor1 Year on Handset and 6 Months on Accessories,4.2
"REDMI 12 5G (Moonstone Silver, 256 GB)","₹16,000",8 GB RAM | 256 GB ROM | Expandable Upto 1 TB17.25 cm (6.79 inch) Full HD+ Display50MP + 2MP | 8MP Front Camera5000 mAh BatterySnapdragon 4 Gen 2 Processor1 Year Manufacturer Warranty for Phone and 6 Months Warranty for In the Box Accessories,4.2
"IQOO Z9 5G (Graphene Blue, 256 GB)","₹20,691",8 GB RAM | 256 GB ROM16.94 cm (6.67 inch) Display50MP Rear Camera5000 mAh Battery1 Year on Handset and 6 Months on Accessories,4.4
"SAMSUNG Galaxy F15 5G (Jazzy Green, 128 GB)","₹13,999",8 GB RAM | 128 GB ROM | Expandable Upto 1 TB16.51 cm (6.5 inch) Full HD+ Display50MP + 5MP + 2MP | 13MP Front Camera6000 mAh Lithium ion BatteryMediaTek Dimensity 6100+ Processor1 Year Manufacturer Warranty for Device and 6 Months Manufacturer Warranty for In-Box Accessories,4.2
"vivo T2 5G (Nitro Blaze, 128 GB)","₹17,999",8 GB RAM | 128 GB ROM16.21 cm (6.38 inch) Full HD+ Display64 MP (OIS) + 2MP | 16MP Front Camera4500 mAh BatterySnapdragon 695 Processor1 Year of Device & 6 Months for Inbox Accessories,4.4
"Tecno Pova 6 Pro 5G (Meteorite Grey, 256 GB)","₹16,999",8 GB RAM | 256 GB ROM | Expandable Upto 2 TB17.22 cm (6.78 inch) Full HD Display108MP Rear Camera | 32MP Front Camera6000 mAh BatteryMediatek Dimensity 6080 Processor1 year,4.3
"Motorola g54 5G (Midnight Blue, 256 GB)","₹21,999",12 GB RAM | 256 GB ROM | Expandable Upto 1 TB16.51 cm (6.5 inch) Full HD+ Display50MP (OIS) + 8MP | 16MP Front Camera6000 mAh BatteryDimensity 7020 Processor1 Year on Handset and 6 Months on Accessories,4.2
"realme 12+ 5G (Navigator Beige, 256 GB)","₹12,999",8 GB RAM | 256 GB ROM | Expandable Upto 2 TB16.94 cm (6.67 inch) Full HD+ Display50MP + 8MP + 2MP | 16MP Front Camera5000 mAh BatteryDimensity 7050 Processor1 Year Manufacturer Warranty for Device and 6 Months Manufacturer Warranty for Inbox Accessories,4.3
"realme C63 5G Charger in the Box (Forest Green, 128 GB)","₹15,386",8 GB RAM | 128 GB ROM | Expandable Upto 2 TB16.94 cm (6.67 inch) HD+ Display32MP Rear Camera | 8MP Front Camera5000 mAh BatteryDimensity 6300 Processor1 Year Manufacturer Warranty for Device and 6 Months Manufacturer Warranty for Inbox Accessories,4.5
"IQOO Z9X (Tornado Green, 128 GB)","₹14,499",8 GB RAM | 128 GB ROM17.07 cm (6.72 inch) Display50MP Rear Camera6000 mAh Battery1 year manufacturer warranty for device and 6 months manufacturer warranty for in-box accessories,4.3
"REDMI Note 13 5G (Arctic White, 128 GB)","₹20,999",6 GB RAM | 128 GB ROM | Expandable Upto 1 TB16.94 cm (6.67 inch) Full HD+ Display108MP + 2MP | 16MP Front Camera5000 mAh BatteryDimensity 6080 Processor1 Year Manufacturer Warranty for Phone and 6 Months Warranty for In the Box Accessories,4.2
"realme 12+ 5G (Navigator Beige, 128 GB)","₹15,899",8 GB RAM | 128 GB ROM | Expandable Upto 2 TB16.94 cm (6.67 inch) Full HD+ Display50MP + 8MP + 2MP | 16MP Front Camera5000 mAh BatteryDimensity 7050 Processor1 Year Manufacturer Warranty for Device and 6 Months Manufacturer Warranty for Inbox Accessories,4.3
"SAMSUNG Galaxy A15 5G (Light Blue, 128 GB)","₹21,999",8 GB RAM | 128 GB ROM | Expandable Upto 1 TB16.51 cm (6.5 inch) Full HD+ Display50MP + 5MP + 2MP | 13MP Front Camera5000 mAh BatteryDimensity 6100+ Processor1 Year Manufacturer Warranty for Device and 6 Months for In-Box Accessories,4.3
"realme 12+ 5G (Green, 256 GB)","₹14,499",8 GB RAM | 256 GB ROM | Expandable Upto 2 TB16.94 cm (6.67 inch) Full HD+ Display50MP + 8MP + 2MP | 16MP Front Camera5000 mAh BatteryDimensity 7050 Processor1 Year Manufacturer Warranty for Device and 6 Months Manufacturer Warranty for Inbox Accessories,4.3
"REDMI 12 5G (Moonstone Silver, 256 GB)","₹16,999",8 GB RAM | 256 GB ROM | Expandable Upto 1 TB17.25 cm (6.79 inch) Full HD+ Display50MP + 2MP | 8MP Front Camera5000 mAh BatterySnapdragon 4 Gen 2 Processor1 Year Manufacturer Warranty for Phone and 6 Months Warranty for In the Box Accessories,4.2
"realme 12 5G (Green, 128 GB)","₹15,999",6 GB RAM | 128 GB ROM | Expandable Upto 2 TB17.07 cm (6.72 inch) Full HD+ Display108MP + 2MP | 8MP Front Camera5000 mAh BatteryDimensity 6100+ Processor1 Year Manufacturer Warranty for Device and 6 Months Manufacturer Warranty for Inbox Accessories,4.4
"vivo T2 5G (Velocity Wave, 128 GB)","₹16,999",6 GB RAM | 128 GB ROM16.21 cm (6.38 inch) Full HD+ Display64 MP (OIS) + 2MP | 16MP Front Camera4500 mAh BatterySnapdragon 695 Processor1 Year of Device & 6 Months for Inbox Accessories,4.4
"vivo Y39 5G (Ocean Blue, 128 GB)","₹15,499",8 GB RAM | 128 GB ROM | Expandable Upto 8 GB16.97 cm (6.68 inch) Display50MP + 2MP | 8MP Front Camera6500 mAh Battery4 Gen 2 Processor1 Year Warranty on the Product and 6 Months Warranty on the Accessories,4.4
"SAMSUNG Galaxy A16 5G (Light Green, 128 GB)","₹24,999",6 GB RAM | 128 GB ROM17.02 cm (6.7 inch) Full HD+ Display50MP + 5MP + 2MP | 13MP Front Camera5000 mAh BatteryDimensity 6300 Processor1 Year Manufacturer Warranty for Device and 6 Months for Inbox Accessories,4.2
"Nothing Phone (3a) (White, 128 GB)","₹1,499",8 GB RAM | 128 GB ROM17.2 cm (6.77 inch) Full HD+ Display50MP (Main) + 50MP (2X Tele Photo) + 8MP (Ultra-Wide) | 32MP Front Camera5000 mAh Battery7s Gen3 Processor1 Year Manufacturing Warranty,4.5
Ambrane 20000 mAh 22.5 W Power Bank,"₹16,999",Weight: 320 g | Capacity: 20000 mAhLithium Polymer Battery | Type-C ConnectorPower Source: AC AdapterCharging Cable Included6 Month Manufaturer warranty,4.1
"SAMSUNG Galaxy A16 5G (Blue Black, 128 GB)","₹14,999",8 GB RAM | 128 GB ROM17.02 cm (6.7 inch) Full HD+ Display50MP + 5MP + 2MP | 13MP Front Camera5000 mAh BatteryDimensity 6300 Processor1 Year Manufacturer Warranty for Device and 6 Months for Inbox Accessories,4.2
"SAMSUNG galaxy M15 5G (Blue Topaz, 128 GB)","₹3,799",8 GB RAM | 128 GB ROM16.51 cm (6.5 inch) Display50MP Rear Camera6000 mAh BatteryMediaTek ProcessorDomestic Warranty Of 1 Year For Handset And 6 Month For Accessories.,4.2
Ambrane 20000 mAh 22.5 W Power Bank,"₹1,099",Weight: 320 g | Capacity: 20000 mAhLithium Polymer Battery | Type-C ConnectorPower Source: AC AdapterCharging Cable Included6 Month Manufaturer warranty,4.1
Portronics 20000 mAh 22.5 W Compact Power Bank,"₹15,999","Capacity: 20000 mAhLithium Polymer Battery | Type-A, Type-C ConnectorPower Source: BatteryCharging Cable Included1 Year Manufacturing Warranty",4.2
"LAVA Blaze X 5G (Titanium Grey, 128 GB)","₹15,999",6 GB RAM | 128 GB ROM16.93 cm (6.667 inch) Full HD+ Display64MP Rear Camera5000 mAh BatteryOcta-core 2.6GHz MediaTek Dimensity 7050 6nm processor Processor1 Year Handset Warranty and 6 Months Warranty on Accessories,4.1
"SAMSUNG Galaxy A23 5G (Light Blue, 128 GB)","₹16,995",6 GB RAM | 128 GB ROM | Expandable Upto 1 TB16.76 cm (6.6 inch) Full HD+ Display50MP + 5MP | 8MP Front Camera5000 mAh Lithium Ion BatteryQualcomm Snapdragon 695 (SM6375) Processor1 Year Manufacturer Warranty for Device and 6 Months Manufacturer Warranty for In-Box Accessories,4.1
"REDMI Note 14 5G (Ivy Green, 128 GB)","₹19,457",6 GB RAM | 128 GB ROM16.94 cm (6.67 inch) Display50MP Rear Camera5110 mAh Battery1 Year,4.3
"SAMSUNG M55s (Thunder Black, 128 GB)","₹1,599",8 GB RAM | 128 GB ROM17.02 cm (6.7 inch) Full HD+ Display50MP Rear Camera5000 mAh Batterysnapdragon Processor1 Year,4.1
Ambrane 20000 mAh 22.5 W Power Bank,"₹4,498","Capacity: 20000mAhQuick Charge 3.0 & Power Delivery TechnologyOutput: Type-C: 22W Max.; USB-A: 22.5W Max.Compact Size, Premium Metallic FinishPorts: 2 (1 Type C + 1 USB A)Protocol Supported: PD 3.0, QC 3.0, PPS, VOOCCompatibility: Compatible with Type-C and USB-A enabled smartphones and electronic gadgetsMultiple Layers of Protection from short circuit, over charge & over dischargeType C Charging Cable includedLightning quick chargeUniversal compatibilityInput/Output control and LED indicatorsBattery Type: Lithium PolymerIndicators: 5 LED IndicatorsPower Source: AC AdapterCapacity: 20000 mAhLithium Polymer Battery | Type-C ConnectorPower Source: AC AdapterCharging Cable Included6 Months",4.1
Boult 20000 mAh 22.5 W Power Bank,"₹18,820","22.5W Fast Charging: Boosted speed ensures rapid charging, minimizing device downtime and keeping you powered up quickly.20000mAh Battery Capacity: Ample power to charge iPhone 15 (4.9x), OnePlus Nord 4 (4x), and Galaxy S24 (4.1x), making it ideal for travel and daily use.Multiple Charging Ports: Equipped with Micro USB, Type-C, and USB output ports, offering flexibility to charge multiple devices simultaneously.Advanced Protection: Built-in overcharge, overvoltage protection layers ensure safe device charging.Premium Metallic Finish: Sleek, durable design with a metallic finish in Power Blue, Jet Black, and Coffee, adding style to functionality.Compact & Durable with LED Display: Super-compact, durable design with an LED digital display, compatible with mobile phones, smartwatches, tablets, and earbuds.Weight: 300 g | Capacity: 20000 mAhLithium Polymer Battery | Type-C, Type-A ConnectorPower Source: USBCharging Cable Included1 Year Warranty",4.2
"IQOO Z9 5G (Brushed Green, 256 GB)","₹16,999",8 GB RAM | 256 GB ROM16.94 cm (6.67 inch) Display50MP Rear Camera5000 mAh Battery1 Year on Handset and 6 Months on Accessories,4.4
"vivo Y29 5G (Titanium Gold, 128 GB)","₹16,999",8 GB RAM | 128 GB ROM | Expandable Upto 1 TB16.97 cm (6.68 inch) Display50MP + 0.08MP | 8MP Front Camera5500 mAh BatteryDimensity 6300 Processor1 Year Manufacturer Warranty for Device and 6 Months Manufacturer Warranty for Inbox Accessories,4.3
"OPPO A3 Pro 5G (Starry Black, 128 GB)","₹15,499",8 GB RAM | 128 GB ROM | Expandable Upto 1 TB16.94 cm (6.67 inch) Display50MP + 2MP | 8MP Front Camera5100 mAh BatteryDimensity 6300 5G Mobile Platform Processor1 Year Manufacturer Warranty for Device and 6 Months Manufacturer Warranty for Inbox Accessories,4.3
"vivo Y29 5G (Diamond Black, 128 GB)","₹12,895",6 GB RAM | 128 GB ROM | Expandable Upto 1 TB16.97 cm (6.68 inch) Display50MP + 0.08MP | 8MP Front Camera5500 mAh BatteryDimensity 6300 Processor1 Year Manufacturer Warranty for Device and 6 Months Manufacturer Warranty for Inbox Accessories,4.4
"hmd Crest Max 5G (Deep Purple, 256 GB)","₹21,999",8 GB RAM | 256 GB ROM17.53 cm (6.9 inch) Display64MP Rear Camera5000 mAh Battery1 Year,3.9
"SAMSUNG Galaxy A23 5G (Silver, 128 GB)","₹17,899",6 GB RAM | 128 GB ROM | Expandable Upto 1 TB16.76 cm (6.6 inch) Full HD+ Display50MP + 5MP | 8MP Front Camera5000 mAh Lithium Ion BatteryQualcomm Snapdragon 695 (SM6375) Processor1 Year Manufacturer Warranty for Device and 6 Months Manufacturer Warranty for In-Box Accessories,4.1
"REDMI Note 14 5G (Ivy Green, 128 GB)","₹18,999",8 GB RAM | 128 GB ROM16.94 cm (6.67 inch) Display50MP Rear Camera5110 mAh Battery1 Year,4.2
"vivo Y29 5G (Diamond Black, 256 GB)","₹18,999",8 GB RAM | 256 GB ROM | Expandable Upto 1 TB16.97 cm (6.68 inch) Display50MP + 0.08MP | 8MP Front Camera5500 mAh BatteryDimensity 6300 Processor1 Year Manufacturer Warranty for Device and 6 Months Manufacturer Warranty for Inbox Accessories,4.3
"vivo Y29 5G (Titanium Gold, 256 GB)","₹18,999",8 GB RAM | 256 GB ROM | Expandable Upto 1 TB16.97 cm (6.68 inch) Display50MP + 0.08MP | 8MP Front Camera5500 mAh BatteryDimensity 6300 Processor1 Year Manufacturer Warranty for Device and 6 Months Manufacturer Warranty for Inbox Accessories,4.3
"POCO X3 Pro (Steel Blue, 128 GB)","₹23,999","6 GB RAM | 128 GB ROM | Expandable Upto 1 TB16.94 cm (6.67 inch) Full HD+ Display48MP + 8MP + 2MP + 2MP | 20MP Front Camera5160 mAh Lithium-ion Polymer BatteryQualcomm Snapdragon 860 ProcessorMultiple Hands-free Voice AssistantsOne Year Warranty for Handset, 6 Months for Accessories",4.3
"SAMSUNG Galaxy A23 5G (Silver, 128 GB)","₹15,499",8 GB RAM | 128 GB ROM | Expandable Upto 1 TB16.76 cm (6.6 inch) Full HD+ Display50MP + 5MP | 8MP Front Camera5000 mAh Lithium Ion BatteryQualcomm Snapdragon 695 (SM6375) Processor1 Year Manufacturer Warranty for Device and 6 Months Manufacturer Warranty for In-Box Accessories,4.1
"OPPO A59 5G (Silk Gold, 128 GB)","₹24,999",6 GB RAM | 128 GB ROM | Expandable Upto 1 TB16.66 cm (6.56 inch) HD+ Display13MP + 2MP | 8MP Front Camera5000 mAh BatteryDimensity 6020 Processor1 Year Manufacturer Warranty for Phone and 6 Months Warranty for In the Box Accessories,4.3
"Nothing Phone (3a) (Black, 128 GB)","₹31,999",8 GB RAM | 128 GB ROM17.2 cm (6.77 inch) Full HD+ Display50MP (Main) + 50MP (2X Tele Photo) + 8MP (Ultra-Wide) | 32MP Front Camera5000 mAh Battery7s Gen3 Processor1 Year Manufacturing Warranty,4.5
"Nothing Phone (3a) Pro (Black, 256 GB)","₹15,990",8 GB RAM | 256 GB ROM17.2 cm (6.77 inch) Full HD+ Display50MP (Main) + 50MP (3X Periscope)+ 8MP (Ultra-Wide) | 50MP Front Camera5000 mAh Battery7s Gen3 Processor1 Year Manufacturing Warranty,4.5
"LAVA Blaze X 5G (Starlight Purple, 128 GB)","₹17,975",6 GB RAM | 128 GB ROM16.94 cm (6.67 inch) Full HD+ Display64MP Rear Camera5000 mAh BatteryOcta-core 2.6GHz MediaTek Dimensity 7050 6nm processor Processor1 Year Handset Warranty and 6 Months Warranty on Accessories,4.1
"LAVA Blaze Duo (Celestial Blue, 128 GB)","₹14,999",8 GB RAM | 128 GB ROM16.94 cm (6.67 inch) Display64MP Rear Camera5000 mAh Battery1 Year Handset Warranty and 6 Months Warranty on Accessories,4.3
"vivo Y36 (Vibrant Gold, 128 GB)","₹15,999",8 GB RAM | 128 GB ROM16.87 cm (6.64 inch) Full HD+ Display50MP + 2MP | 16MP Front Camera5000 mAh BatterySnapdragon 680 Processor1 Year Manufacturer Warranty for Phone and 6 Months Warranty for In the Box Accessories,4.3
"vivo Y28 5G (Crystal Purple, 128 GB)","₹18,999",8 GB RAM | 128 GB ROM | Expandable Upto 1 TB16.66 cm (6.56 inch) Display50MP + 2MP | 8MP Front Camera5000 mAh BatteryDimensity 6020 Processor1 Year Manufacturer Warranty for Device and 6 Months Manufacturer Warranty for Inbox Accessories,4.3
"SAMSUNG Galaxy F34 5G (Mystic Green, 128 GB)","₹12,499",8 GB RAM | 128 GB ROM | Expandable Upto 1 TB16.51 cm (6.5 inch) Full HD+ Display50MP (OIS) + 8MP + 2MP | 13MP Front Camera6000 mAh BatteryExynos 1280 Processor1 Year Manufacturer Warranty for Device and 6 Months Manufacturer Warranty for In-Box Accessories,4.2
"REDMI 13 5G (Hawaiian Blue, 128 GB)","₹15,999",6 GB RAM | 128 GB ROM | Expandable Upto 1 TB17.25 cm (6.79 inch) Full HD+ Display108MP + 2MP | 13MP Front Camera5030 mAh Lithium Polymer Battery4 Gen 2 AE Processor1 Year Manufacturer Warranty for Phone and 6 Months Warranty for In the Box Accessories,4.3
"LAVA Blaze X 5G (Titanium Grey, 128 GB)","₹16,999",6 GB RAM | 128 GB ROM16.93 cm (6.667 inch) Full HD+ Display64MP Rear Camera5000 mAh BatteryOcta-core 2.6GHz MediaTek Dimensity 7050 6nm processor Processor1 Year Handset Warranty and 6 Months Warranty on Accessories,4.1
"realme 12 5G (Twilight Purple, 128 GB)","₹12,995",6 GB RAM | 128 GB ROM | Expandable Upto 2 TB17.07 cm (6.72 inch) Full HD+ Display108MP + 2MP | 8MP Front Camera5000 mAh BatteryDimensity 6100+ Processor1 Year Manufacturer Warranty for Device and 6 Months Manufacturer Warranty for Inbox Accessories,4.4
"realme NARZO 70X 5G (FOREST GREEN, 128 GB)","₹12,817",4 GB RAM | 128 GB ROM17.07 cm (6.72 inch) Display50MP Rear Camera | 8MP Front Camera5000 mAh BatteryDimensity 6100+ 5G Chipset Processor1 Year Domestic Warranty for Phone and 6 Months Warranty for In-Box Accessories,4
"realme Narzo 80x 5G (Sunlit Gold, 128 GB)","₹15,949",6 GB RAM | 128 GB ROM17.07 cm (6.72 inch) Display50MP Rear Camera6000 mAh Battery1 Year Manufacturer Warranty for Phone and 6 Months Warranty for In the Box Accessories,3.8
"SAMSUNG galaxy M15 5G (Celestrial Blue, 128 GB)","₹16,890",8 GB RAM | 128 GB ROM16.51 cm (6.5 inch) Display50MP Rear Camera6000 mAh BatteryMediaTek ProcessorDomestic Warranty Of 1 Year For Handset And 6 Month For Accessories.,4.2
"SAMSUNG galaxy M15 5G (Stone Grey, 128 GB)","₹17,999",8 GB RAM | 128 GB ROM16.51 cm (6.5 inch) Display50MP Rear Camera6000 mAh BatteryMediaTek ProcessorDomestic Warranty Of 1 Year For Handset And 6 Month For Accessories.,4.2
"vivo T2 5G (Nitro Blaze, 128 GB)","₹15,999",8 GB RAM | 128 GB ROM16.21 cm (6.38 inch) Full HD+ Display64 MP (OIS) + 2MP | 16MP Front Camera4500 mAh BatterySnapdragon 695 Processor1 Year of Device & 6 Months for Inbox Accessories,4.4
"vivo T2 5G (Nitro Blaze, 128 GB)","₹17,999",6 GB RAM | 128 GB ROM16.21 cm (6.38 inch) Full HD+ Display64 MP (OIS) + 2MP | 16MP Front Camera4500 mAh BatterySnapdragon 695 Processor1 Year of Device & 6 Months for Inbox Accessories,4.4
"realme 12 5G (Twilight Purple, 128 GB)","₹19,456",8 GB RAM | 128 GB ROM | Expandable Upto 2 TB17.07 cm (6.72 inch) Full HD+ Display108MP + 2MP | 8MP Front Camera5000 mAh BatteryDimensity 6100+ Processor1 Year Manufacturer Warranty for Device and 6 Months Manufacturer Warranty for Inbox Accessories,4.3
"SAMSUNG M55s (Thunder Black, 128 GB)","₹15,999",8 GB RAM | 128 GB ROM17.02 cm (6.7 inch) Full HD+ Display50MP Rear Camera5000 mAh Batterysnapdragon Processor1 Year,4.1
"vivo T2 5G (Velocity Wave, 128 GB)","₹19,777",6 GB RAM | 128 GB ROM16.21 cm (6.38 inch) Full HD+ Display64 MP (OIS) + 2MP | 16MP Front Camera4500 mAh BatterySnapdragon 695 Processor1 Year of Device & 6 Months for Inbox Accessories,4.4
"SAMSUNG M55s (Coral Green, 128 GB)","₹16,999",8 GB RAM | 128 GB ROM17.02 cm (6.7 inch) Display50MP Rear Camera5000 mAh Battery1 Year,4.1
"realme 12 5G (Green, 128 GB)","₹18,999",6 GB RAM | 128 GB ROM | Expandable Upto 2 TB17.07 cm (6.72 inch) Full HD+ Display108MP + 2MP | 8MP Front Camera5000 mAh BatteryDimensity 6100+ Processor1 Year Manufacturer Warranty for Device and 6 Months Manufacturer Warranty for Inbox Accessories,4.4
"POCO X3 Pro (Graphite Black, 128 GB)","₹16,999","6 GB RAM | 128 GB ROM | Expandable Upto 1 TB16.94 cm (6.67 inch) Full HD+ Display48MP + 8MP + 2MP + 2MP | 20MP Front Camera5160 mAh Lithium-ion Polymer BatterySnapdragon 860 ProcessorMultiple Hands-free Voice AssistantsOne Year Warranty for Handset, 6 Months for Accessories",4.3
"realme 12 5G (Twilight Purple, 128 GB)","₹18,990",6 GB RAM | 128 GB ROM | Expandable Upto 2 TB17.07 cm (6.72 inch) Full HD+ Display108MP + 2MP | 8MP Front Camera5000 mAh BatteryDimensity 6100+ Processor1 Year Manufacturer Warranty for Device and 6 Months Manufacturer Warranty for Inbox Accessories,4.4
"realme Narzo 70 Pro 5G (Gold, Glass Gold, 128 GB)","₹27,999",8 GB RAM | 128 GB ROM16.94 cm (6.67 inch) Display50MP Rear Camera | 16MP Front Camera5000 mAh Battery1 Year Domestic Warranty for Phone and 6 Months Warranty for In-Box Accessories,4.4
"POCO F4 5G (Green, 128 GB)","₹16,000",6 GB RAM | 128 GB ROM16.94 cm (6.67 inch) Full HD+ Display64MP + 8MP + 2MP | 20MP Front Camera4500 mAh Lithium-ion Polymer BatteryQualcomm Snapdragon 870 Processor2 Years Brand Warranty,4.3
"REDMI 12 5G (Moonstone Silver, 256 GB)","₹24,999",8 GB RAM | 256 GB ROM | Expandable Upto 1 TB17.25 cm (6.79 inch) Full HD+ Display50MP + 2MP | 8MP Front Camera5000 mAh BatterySnapdragon 4 Gen 2 Processor1 Year Manufacturer Warranty for Phone and 6 Months Warranty for In the Box Accessories,4.2
"Nothing Phone (3a) (White, 128 GB)","₹1,499",8 GB RAM | 128 GB ROM17.2 cm (6.77 inch) Full HD+ Display50MP (Main) + 50MP (2X Tele Photo) + 8MP (Ultra-Wide) | 32MP Front Camera5000 mAh Battery7s Gen3 Processor1 Year Manufacturing Warranty,4.5
Ambrane 20000 mAh 22.5 W Power Bank,"₹24,999",Weight: 320 g | Capacity: 20000 mAhLithium Polymer Battery | Type-C ConnectorPower Source: AC AdapterCharging Cable Included6 Month Manufaturer warranty,4.1
"vivo Y200 Pro 5G (Silk Black, 128 GB)","₹17,999",8 GB RAM | 128 GB ROM17.22 cm (6.78 inch) Display64MP + 2MP | 16MP Front Camera5000 mAh Battery695 Processor1 Year Manufacturer Warranty for Device and 6 Months Manufacturer Warranty for Inbox Accessories,4.4
"realme 12 5G (Twilight Purple, 128 GB)","₹3,799",8 GB RAM | 128 GB ROM | Expandable Upto 2 TB17.07 cm (6.72 inch) Full HD+ Display108MP + 2MP | 8MP Front Camera5000 mAh BatteryDimensity 6100+ Processor1 Year Manufacturer Warranty for Device and 6 Months Manufacturer Warranty for Inbox Accessories,4.3
Ambrane 20000 mAh 22.5 W Power Bank,"₹1,099",Weight: 320 g | Capacity: 20000 mAhLithium Polymer Battery | Type-C ConnectorPower Source: AC AdapterCharging Cable Included6 Month Manufaturer warranty,4.1
Portronics 20000 mAh 22.5 W Compact Power Bank,"₹16,999","Capacity: 20000 mAhLithium Polymer Battery | Type-A, Type-C ConnectorPower Source: BatteryCharging Cable Included1 Year Manufacturing Warranty",4.2
"realme 12 5G (Green, 128 GB)","₹35,999",6 GB RAM | 128 GB ROM | Expandable Upto 2 TB17.07 cm (6.72 inch) Full HD+ Display108MP + 2MP | 8MP Front Camera5000 mAh BatteryDimensity 6100+ Processor1 Year Manufacturer Warranty for Device and 6 Months Manufacturer Warranty for Inbox Accessories,4.4
"Mi 10T (Cosmic Black, 128 GB)","₹19,777",6 GB RAM | 128 GB ROM16.94 cm (6.67 inch) Full HD+ Display64MP + 13MP + 5MP | 20MP Front Camera5000 mAh Li-ion Polymer BatteryQualcomm Snapdragon 865 Processor144Hz Intelligent AdaptiveSync Display33W Dual Split Flash Charge1 Year Manufacturer Warranty for Device and 6 Months Manufacturer Warranty for In-box Accessories,4.2
"SAMSUNG M55s (Coral Green, 128 GB)","₹17,499",8 GB RAM | 128 GB ROM17.02 cm (6.7 inch) Display50MP Rear Camera5000 mAh Battery1 Year,4.1
"OPPO A79 5G (Glowing Green, 128 GB)","₹1,599","8 GB RAM | 128 GB ROM | Expandable Upto 1 TB17.07 cm (6.72 inch) Full HD+ DisplayRear Camera: 50MP AI Camera, 2MP Portrait Camera Front Camera: 8MP Selfie Camera | 8MP Front Camera5000 mAh Lithium Polymer BatteryMediatek Dimensity 6020 ProcessorBefore going on the market, the product has gone through 6 tests, namely drop, anti-splash, radiation, weather, slight drop, and signal tests, and 5 safety protection steps, namely durability, fire and flame retardant, temperature protection, noise safety, and battery protection. 50-plus production-related checks, 130-plus ultra-stringent reliability tests, and 320-plus comprehensive testing processes, just to provide OPPO enduring craftsmanship and quality.
[1-Meter Directional Drop Test]
[150-Circle Tumbling Test]
[14,000 Micro-Drop Test]
[Water-Spray Test]
[1,000 25Kg Soft Pressure Tests]
[Stress Bending Test]
[500,000 On Button Press Tests]
[20,000 USB Plug/Unplug Tests]
[65°C 95%RH 168H High Temperature and High Humidity Test]
[100,000-Plus Rigorous Quality Tests]
* The data here refers to laboratory test data only and is not intended for quality assurance in daily use. The actual situation will be slightly different due to different test software versions, test environments, and versions.12 Months on Handset and 6 Months on Adapter & Cable",4.3
Ambrane 20000 mAh 22.5 W Power Bank,"₹4,498","Capacity: 20000mAhQuick Charge 3.0 & Power Delivery TechnologyOutput: Type-C: 22W Max.; USB-A: 22.5W Max.Compact Size, Premium Metallic FinishPorts: 2 (1 Type C + 1 USB A)Protocol Supported: PD 3.0, QC 3.0, PPS, VOOCCompatibility: Compatible with Type-C and USB-A enabled smartphones and electronic gadgetsMultiple Layers of Protection from short circuit, over charge & over dischargeType C Charging Cable includedLightning quick chargeUniversal compatibilityInput/Output control and LED indicatorsBattery Type: Lithium PolymerIndicators: 5 LED IndicatorsPower Source: AC AdapterCapacity: 20000 mAhLithium Polymer Battery | Type-C ConnectorPower Source: AC AdapterCharging Cable Included6 Months",4.1
Boult 20000 mAh 22.5 W Power Bank,"₹13,999","22.5W Fast Charging: Boosted speed ensures rapid charging, minimizing device downtime and keeping you powered up quickly.20000mAh Battery Capacity: Ample power to charge iPhone 15 (4.9x), OnePlus Nord 4 (4x), and Galaxy S24 (4.1x), making it ideal for travel and daily use.Multiple Charging Ports: Equipped with Micro USB, Type-C, and USB output ports, offering flexibility to charge multiple devices simultaneously.Advanced Protection: Built-in overcharge, overvoltage protection layers ensure safe device charging.Premium Metallic Finish: Sleek, durable design with a metallic finish in Power Blue, Jet Black, and Coffee, adding style to functionality.Compact & Durable with LED Display: Super-compact, durable design with an LED digital display, compatible with mobile phones, smartwatches, tablets, and earbuds.Weight: 300 g | Capacity: 20000 mAhLithium Polymer Battery | Type-C, Type-A ConnectorPower Source: USBCharging Cable Included1 Year Warranty",4.2
"vivo Y28 5G (Glitter Aqua, 128 GB)","₹17,289",8 GB RAM | 128 GB ROM | Expandable Upto 1 TB16.66 cm (6.56 inch) Display50MP + 2MP | 8MP Front Camera5000 mAh BatteryDimensity 6020 Processor1 Year Manufacturer Warranty for Device and 6 Months Manufacturer Warranty for Inbox Accessories,4.3
"vivo Y100 5G (Twilight Gold, 128 GB)","₹31,999",8 GB RAM | 128 GB ROM16.21 cm (6.38 inch) Full HD+ AMOLED Display64MP (OIS) + 2MP + 2MP | 16MP Front Camera4500 mAh BatteryMediatek Dimensity 900 Processor1 Year Manufacturer Warranty for Handset and 6 Months Manufacturer Warranty for In-Box Accessories,4.3
"Nothing Phone (3a) Pro (Black, 256 GB)","₹15,990",8 GB RAM | 256 GB ROM17.2 cm (6.77 inch) Full HD+ Display50MP (Main) + 50MP (3X Periscope)+ 8MP (Ultra-Wide) | 50MP Front Camera5000 mAh Battery7s Gen3 Processor1 Year Manufacturing Warranty,4.5
"LAVA Blaze X 5G (Starlight Purple, 128 GB)","₹18,999",6 GB RAM | 128 GB ROM16.94 cm (6.67 inch) Full HD+ Display64MP Rear Camera5000 mAh BatteryOcta-core 2.6GHz MediaTek Dimensity 7050 6nm processor Processor1 Year Handset Warranty and 6 Months Warranty on Accessories,4.1
"SAMSUNG Galaxy F34 5G (Electric Black, 128 GB)","₹16,990",8 GB RAM | 128 GB ROM | Expandable Upto 1 TB16.51 cm (6.5 inch) Full HD+ Display50MP (OIS) + 8MP + 2MP | 13MP Front Camera6000 mAh BatteryExynos 1280 Processor1 Year Manufacturer Warranty for Device and 6 Months Manufacturer Warranty for In-Box Accessories,4.2
"REDMI Note 12 5G (Matte Black, 256 GB)","₹17,299",8 GB RAM | 256 GB ROM | Expandable Upto 1 TB16.94 cm (6.67 inch) Full HD+ AMOLED Display48MP + 8MP + 2MP | 13MP Front Camera5000 mAh BatteryQualcomm Snapdragon 4 Gen 1 Processor1 Year Manufacturer Warranty for Phone and 6 Months Warranty for In the Box Accessories,4.1
"vivo Y100 5G (Pacific Blue, 128 GB)","₹19,999",8 GB RAM | 128 GB ROM16.21 cm (6.38 inch) Full HD+ AMOLED Display64MP (OIS) + 2MP + 2MP | 16MP Front Camera4500 mAh BatteryMediatek Dimensity 900 Processor1 Year Manufacturer Warranty for Handset and 6 Months Manufacturer Warranty for In-Box Accessories,4.3
"vivo Y200e 5G (Saffron Delight, 128 GB)","₹24,999",8 GB RAM | 128 GB ROM | Expandable Upto 1 TB16.94 cm (6.67 inch) Full HD+ Display50MP + 2MP | 16MP Front Camera5000 mAh BatterySnapdragon 4 Gen 2 Processor1 Year Manufacturer Warranty for Device and 6 Months Manufacturer Warranty for Inbox Accessories,4.4
"Nothing Phone (3a) (Black, 128 GB)","₹31,999",8 GB RAM | 128 GB ROM17.2 cm (6.77 inch) Full HD+ Display50MP (Main) + 50MP (2X Tele Photo) + 8MP (Ultra-Wide) | 32MP Front Camera5000 mAh Battery7s Gen3 Processor1 Year Manufacturing Warranty,4.5
"Nothing Phone (3a) Pro (Black, 256 GB)","₹18,499",8 GB RAM | 256 GB ROM17.2 cm (6.77 inch) Full HD+ Display50MP (Main) + 50MP (3X Periscope)+ 8MP (Ultra-Wide) | 50MP Front Camera5000 mAh Battery7s Gen3 Processor1 Year Manufacturing Warranty,4.5
"REDMI Note 10S (Shadow Black, 128 GB)","₹18,990",8 GB RAM | 128 GB ROM | Expandable Upto 512 GB16.33 cm (6.43 inch) Full HD+ Super AMOLED Display64MP + 8MP + 2MP + 2MP | 13MP Front Camera5000 mAh Lithium-Ploymer BatteryMediatek Helio G95 Processor1 Year Manufacturer Warranty for Phone and 6 Months Warranty for In the Box Accessories,4.2
"realme Narzo 70 Pro 5G (Gold, Glass Gold, 128 GB)","₹18,999",8 GB RAM | 128 GB ROM16.94 cm (6.67 inch) Display50MP Rear Camera | 16MP Front Camera5000 mAh Battery1 Year Domestic Warranty for Phone and 6 Months Warranty for In-Box Accessories,4.4
"SAMSUNG Galaxy F34 5G (Electric Black, 128 GB)","₹16,990",8 GB RAM | 128 GB ROM | Expandable Upto 1 TB16.51 cm (6.5 inch) Full HD+ Display50MP (OIS) + 8MP + 2MP | 13MP Front Camera6000 mAh BatteryExynos 1280 Processor1 Year Manufacturer Warranty for Device and 6 Months Manufacturer Warranty for In-Box Accessories,4.2
"LAVA Blaze Duo (Celestial Blue, 128 GB)","₹15,999",6 GB RAM | 128 GB ROM16.94 cm (6.67 inch) Display64MP Rear Camera5000 mAh Battery1 Year Handset Warranty and 6 Months Warranty on Accessories,3.9
"realme P1 Pro 5G (Parrot Blue, 128 GB)","₹18,499",8 GB RAM | 128 GB ROM17.02 cm (6.7 inch) Full HD+ Display50MP + 8MP | 16MP Front Camera5000 mAh Battery6 Gen 1 Processor1 Year Manufacturer Warranty for Device and 6 Months Manufacturer Warranty for Inbox Accessories,4.5
"REDMI Note 10S (Frost White, 128 GB)","₹18,198",8 GB RAM | 128 GB ROM | Expandable Upto 512 GB16.33 cm (6.43 inch) Full HD+ Super AMOLED Display64MP + 8MP + 2MP + 2MP | 13MP Front Camera5000 mAh Lithium-Ploymer BatteryMediatek Helio G95 Processor1 Year Manufacturer Warranty for Phone and 6 Months Warranty for In the Box Accessories,4.2
"REDMI Note 13 5G (Prism Gold, 256 GB)","₹23,499",8 GB RAM | 256 GB ROM16.94 cm (6.67 inch) Full HD+ Display108MP Rear Camera5000 mAh Battery1 Year Brand Warranty,4.2
"REDMI Note 12 Pro 5G (Stardust Purple, 256 GB)","₹19,999",8 GB RAM | 256 GB ROM16.94 cm (6.67 inch) Full HD+ AMOLED Display50MP (OIS) + 8MP + 2MP | 16MP Front Camera5000 mAh Lithium Polymer BatteryMediatek Dimensity 1080 Processor1 Year Manufacturer Warranty for Phone and 6 Months Warranty for In the Box Accessories,4.2
"SAMSUNG Galaxy M33 5G (Mystique Green, 128 GB)","₹17,999",8 GB RAM | 128 GB ROM16.76 cm (6.6 inch) Display50MP Rear Camera6000 mAh Battery1 Year Warranty,4.2
"IQOO Z10X 5G (Ultramarine, 256 GB)","₹19,999",8 GB RAM | 256 GB ROM17.02 cm (6.7 inch) Display50MP Rear Camera6500 mAh Battery1 Year on Handset and 6 Months on Accessories,4.5
"POCO X4 Pro 5G (Laser Blue, 128 GB)","₹12,985","6 GB RAM | 128 GB ROM | Expandable Upto 1 TB16.94 cm (6.67 inch) Full HD+ Super AMOLED Display64MP + 8MP + 2MP | 16MP Front Camera5000 mAh Lithium-ion Polymer BatteryQualcomm Snapdragon 695 5G ProcessorOne Year for Handset, 6 Months for Accessories",4.2
"hmd Crest Max 5G (Royal Pink, 256 GB)","₹15,440",8 GB RAM | 256 GB ROM17.53 cm (6.9 inch) Display64MP Rear Camera5000 mAh Battery1 Year from the brand,3.9
"IQOO Z10X 5G (Titanium, 128 GB)","₹15,999",8 GB RAM | 128 GB ROM17.02 cm (6.7 inch) Display50MP Rear Camera6500 mAh Battery1 Year Warranty on Handset and 6 Months Warranty on Accessories,4.5
"Motorola G60 (Moonless, 128 GB)","₹16,999",6 GB RAM | 128 GB ROM17.22 cm (6.78 inch) Full HD+ Display108MP + 8MP + 2MP | 32MP Front Camera6000 mAh BatteryQualcomm Snapdragon 732G Processor120Hz Refresh RateStock Android Experience1 Year on Handset and 6 Months on Accessories,4.1
"realme P1 Pro 5G (Parrot Blue, 256 GB)","₹15,999",8 GB RAM | 256 GB ROM17.02 cm (6.7 inch) Full HD+ Display50MP + 8MP | 16MP Front Camera5000 mAh Battery6 Gen 1 Processor1 Year Manufacturer Warranty for Device and 6 Months Manufacturer Warranty for Inbox Accessories,4.5
"POCO X6 Neo 5G (Martian Orange, 128 GB)","₹11,990",8 GB RAM | 128 GB ROM | Expandable Upto 1 TB16.94 cm (6.67 inch) Full HD+ Display108MP + 2MP | 16MP Front Camera5000 mAh BatteryDimensity 6080 Processor1 Year Manufacturer Warranty for Phone and 6 Months Warranty for In the Box Accessories,4.2
"SAMSUNG Galaxy F14 5G (B.A.E. Purple, 128 GB)","₹15,999","4 GB RAM | 128 GB ROM | Expandable Upto 1 TB16.76 cm (6.6 inch) Full HD+ Display50MP + 2MP | 13MP Front Camera6000 mAh BatteryExynos 1330, Octa Core Processor1 Year Manufacturer Warranty for Device and 6 Months Manufacturer Warranty for In-Box Accessories",4.2
"Redmi Note 7 Pro (Blue, 64 GB)","₹16,999",4 GB RAM | 64 GB ROM | Expandable Upto 256 GB16.0 cm (6.3 inch) Full HD+ Display48MP + 5MP | 13MP Front Camera4000 mAh Li-polymer BatteryQualcomm Snapdragon 675 ProcessorSplash Proof - Protected by P2iQuick Charge 4.0 SupportBrand Warranty of 1 Year Available for Mobile and 6 Months for Accessories,4.5
"LAVA Blaze X 5G (Starlight Purple, 128 GB)","₹15,999",8 GB RAM | 128 GB ROM16.94 cm (6.67 inch) Display64MP Rear Camera5000 mAh Battery1 Year Handset Warranty and 6 Months Warranty on Accessories,3.8
"IQOO Z10X 5G (Titanium, 128 GB)","₹21,999",6 GB RAM | 128 GB ROM17.02 cm (6.7 inch) Display50MP Rear Camera6500 mAh Battery1 Year Warranty on Handset and 6 Months Warranty on Accessories,4.9
"POCO X4 Pro 5G (Laser Blue, 128 GB)","₹15,999","8 GB RAM | 128 GB ROM | Expandable Upto 1 TB16.94 cm (6.67 inch) Full HD+ Super AMOLED Display64MP + 8MP + 2MP | 16MP Front Camera5000 mAh Lithium-ion Polymer BatteryQualcomm Snapdragon 695 5G ProcessorOne Year for Handset, 6 Months for Accessories",4.2
"Infinix Note 40 5G (Ttan Gold, 256 GB)","₹24,999",8 GB RAM | 256 GB ROM17.22 cm (6.78 inch) Full HD+ Display108MP + 2MP + 2MP | 32MP Front Camera5000 mAh BatteryDimensity 7020 Processor1 Year on Handset,4.2
"Nothing Phone (3a) (Black, 128 GB)","₹31,999",8 GB RAM | 128 GB ROM17.2 cm (6.77 inch) Full HD+ Display50MP (Main) + 50MP (2X Tele Photo) + 8MP (Ultra-Wide) | 32MP Front Camera5000 mAh Battery7s Gen3 Processor1 Year Manufacturing Warranty,4.5
"Nothing Phone (3a) Pro (Black, 256 GB)","₹16,999",8 GB RAM | 256 GB ROM17.2 cm (6.77 inch) Full HD+ Display50MP (Main) + 50MP (3X Periscope)+ 8MP (Ultra-Wide) | 50MP Front Camera5000 mAh Battery7s Gen3 Processor1 Year Manufacturing Warranty,4.5
"REDMI Note 13 5G (Stealth Black, 256 GB)","₹40,999",12 GB RAM | 256 GB ROM | Expandable Upto 1 TB16.94 cm (6.67 inch) Full HD+ Display108MP + 2MP | 16MP Front Camera5000 mAh BatteryDimensity 6080 Processor1 Year Manufacturer Warranty for Phone and 6 Months Warranty for In the Box Accessories,4.2
"realme GT 5G (Dashing Silver, 128 GB)","₹19,890",8 GB RAM | 128 GB ROM16.33 cm (6.43 inch) Full HD+ Display64MP + 8MP + 2MP | 16MP Front Camera4500 mAh BatteryQualcomm Snapdragon 888 Processor1 Year Warranty for Mobile and 6 Months for Accessories,4.2
"realme Narzo 60 5G (Mars Orange, 128 GB)","₹37,999",8 GB RAM | 128 GB ROM16.33 cm (6.43 inch) Display64MP Rear Camera5000 mAh BatteryDomestic 1 Year of Device & 6 Months for In-Box Accessories,4.3
"Mi 10T (Cosmic Black, 128 GB)","₹10,499",8 GB RAM | 128 GB ROM16.94 cm (6.67 inch) Full HD+ Display64MP + 13MP + 5MP | 20MP Front Camera5000 mAh Li-ion Polymer BatteryQualcomm Snapdragon 865 Processor144Hz Intelligent AdaptiveSync Display33W Dual Split Flash Charge1 Year Manufacturer Warranty for Device and 6 Months Manufacturer Warranty for In-box Accessories,4.1
"vivo Y17s (Forest Green, 128 GB)","₹19,999",4 GB RAM | 128 GB ROM | Expandable Upto 1 TB16.66 cm (6.56 inch) HD+ Display50MP + 2MP | 8MP Front Camera5000 mAh BatteryHelio G85 Processor1 Year Manufacturer Warranty for Phone and 6 Months Warranty for In the Box Accessories,4.3
"realme 12 Pro 5G (Navigator Beige, 128 GB)","₹15,499",8 GB RAM | 128 GB ROM17.02 cm (6.7 inch) Full HD+ Display50MP + 8MP + 32MP | 16MP Front Camera5000 mAh BatterySnapdragon 6 Gen 1 Processor1 Year Manufacturer Warranty for Device and 6 Months Manufacturer Warranty for Inbox Accessories,4.4
"vivo Y22 (Starlit Blue, 128 GB)","₹16,999",6 GB RAM | 128 GB ROM | Expandable Upto 1 TB16.64 cm (6.55 inch) HD+ Display50MP + 2MP | 8MP Front Camera5000 mAh Lithium BatteryMediatek Helio G70 Processor1 Year of Device & 6 Months for In-Box Accessories,4.3
"realme Narzo 20 Pro (White Knight, 64 GB)","₹17,999",6 GB RAM | 64 GB ROM | Expandable Upto 256 GB16.51 cm (6.5 inch) Full HD+ Display48MP + 8MP + 2MP + 2MP | 16MP Front Camera4500 mAh Lithium-ion BatteryMediaTek Helio G95 Processor65W Super Dart ChargerBrand Warranty of 1 Year Available for Mobile and 6 Months for Accessories,4.4
"POCO M4 Pro (Yellow, 64 GB)","₹16,999","6 GB RAM | 64 GB ROM | Expandable Upto 1 TB16.33 cm (6.43 inch) Full HD+ AMOLED Display64MP + 8MP + 2MP | 16MP Front Camera5000 mAh Lithium-ion Polymer BatteryMediatek Helio G96 ProcessorOne Year for Handset, 6 Months for Accessories",4.3
"realme Narzo 20 Pro (Black Ninja, 64 GB)","₹12,878",6 GB RAM | 64 GB ROM | Expandable Upto 256 GB16.51 cm (6.5 inch) Full HD+ Display48MP + 8MP + 2MP + 2MP | 16MP Front Camera4500 mAh Lithium-ion BatteryMediaTek Helio G95 Processor65W Super Dart ChargerBrand Warranty of 1 Year Available for Mobile and 6 Months for Accessories,4.4
"REDMI 12 5G (Pastel Blue, 256 GB)","₹19,999",8 GB RAM | 256 GB ROM | Expandable Upto 1 TB17.25 cm (6.79 inch) Full HD+ Display50MP + 2MP | 8MP Front Camera5000 mAh BatterySnapdragon 4 Gen 2 Processor1 Year Manufacturer Warranty for Phone and 6 Months Warranty for In the Box Accessories,4.2
"SAMSUNG Galaxy F34 5G (Mystic Green, 128 GB)","₹10,994",6 GB RAM | 128 GB ROM | Expandable Upto 1 TB16.51 cm (6.5 inch) Full HD+ Display50MP (OIS) + 8MP + 2MP | 13MP Front Camera6000 mAh BatteryExynos 1280 Processor1 Year Manufacturer Warranty for Device and 6 Months Manufacturer Warranty for In-Box Accessories,4.2
"SAMSUNG Galaxy A06 5G (Light Green, 128 GB)","₹19,999",4 GB RAM | 128 GB ROM17.02 cm (6.7 inch) HD+ Display50MP + 2MP | 8MP Front Camera5000 mAh Li-ion BatteryDimensity 6300 Processor1 Year Manufacturer Warranty for Device and 6 Months for In-Box Accessories,4
"SAMSUNG Galaxy F34 5G (Electric Black, 128 GB)","₹2,920",6 GB RAM | 128 GB ROM | Expandable Upto 1 TB16.51 cm (6.5 inch) Full HD+ Display50MP (OIS) + 8MP + 2MP | 13MP Front Camera6000 mAh BatteryExynos 1280 Processor1 Year Manufacturer Warranty for Device and 6 Months Manufacturer Warranty for In-Box Accessories,4.2
"I Kall K333 Plus Touch and Type (Blue, 16 GB)","₹2,830",2 GB RAM | 16 GB ROM | Expandable Upto 128 GB7.11 cm (2.8 inch) HD Display2MP Rear Camera2000 mAh BatteryOne year manufacture warranty,3.4
"I Kall K 333 PLUS (charcoal black, 16 GB)","₹18,999",2 GB RAM | 16 GB ROM7.11 cm (2.8 inch) Display2MP Rear Camera3000 mAh BatteryOne year manufacture warranty,3.3
"SAMSUNG Galaxy F55 5G (Raisin Black, 128 GB)","₹18,999",8 GB RAM | 128 GB ROM | Expandable Upto 1 TB17.02 cm (6.7 inch) Full HD+ Display50MP + 8MP + 2MP | 50MP Front Camera5000 mAh Battery7 Gen 1 Processor1 Year Manufacturer Warranty for Device and 6 Months for In-Box Accessories,4
"POCO X3 Pro (Golden Bronze, 128 GB)","₹12,749","6 GB RAM | 128 GB ROM | Expandable Upto 1 TB16.94 cm (6.67 inch) Full HD+ Display48MP + 8MP + 2MP + 2MP | 20MP Front Camera5160 mAh Lithium-ion Polymer BatteryQualcomm Snapdragon 860 ProcessorMultiple Hands-free Voice AssistantsOne Year Warranty for Handset, 6 Months for Accessories",4.3
"SAMSUNG Galaxy F15 5G (Groovy Violet, 128 GB)","₹15,999",6 GB RAM | 128 GB ROM | Expandable Upto 1 TB16.51 cm (6.5 inch) Full HD+ Display50MP + 5MP + 2MP | 13MP Front Camera6000 mAh Lithium ion BatteryMediaTek Dimensity 6100+ Processor1 Year Manufacturer Warranty for Device and 6 Months Manufacturer Warranty for In-Box Accessories,4.2
"Redmi Note 8 (Space Black, 128 GB)","₹19,999",6 GB RAM | 128 GB ROM | Expandable Upto 512 GB16.0 cm (6.3 inch) Full HD+ Display48MP + 8MP + 2MP + 2MP | 13MP Front Camera4000 mAh Lithium Polymer BatteryQualcomm Snapdragon 665 Processor1 Year Manufacturer Warranty for Device and 6 Months Manufacturer Warranty for Inbox Accessories Including Batteries from the Date of Purchase,4.4
"Infinix Zero 5G (Cosmic Black, 128 GB)","₹15,999",8 GB RAM | 128 GB ROM | Expandable Upto 256 GB17.22 cm (6.78 inch) Full HD+ Display48 MP + 13 MP Portrait Lens + 2 MP Bokeh Lens | 16MP Front Camera5000 mAh Li-ion Polymer BatteryMediatek Dimensity 900 Processor1 Year on Handset and 6 Months on Accessories,4.2
